{"mean": 429.8767123287671, "std": 755.1789581104289}
