{"mean": 392.1174863387978, "std": 688.3292990290898}
