{"mean": 429.7790055248619, "std": 647.0749790476434}
